ID,Shortname,AS,LM,AQ,PPQ,MQ,SP,CQ
0,KNY--C1x,0.75,0.8,0.62,0.58,0.45,1.08,0.72
1,KNY--C1X,0.75,0.8,0.62,0.58,0.45,1.08,0.72
2,KNY--C2x,0.75,0.8,0.62,1.4,0.45,1.08,0.72
3,KNY--C2X,0.75,0.8,0.62,1.4,0.45,1.08,0.72
4,KNY--Y1x,1.2,0.8,0.62,0.58,0.45,1.08,0.72
5,KNY--Y1X,1.2,0.8,0.62,0.58,0.45,1.08,0.72
6,KNY--Y2x,1.2,0.8,0.62,1.4,0.45,1.08,0.72
7,KNY--Y2X,1.2,0.8,0.62,1.4,0.45,1.08,0.72
8,KYY--C1x,0.75,0.67,0.85,0.58,0.45,1.08,0.9
9,KYY--C1X,0.75,0.67,0.85,0.58,0.45,1.08,0.9
10,KYY--C2x,0.75,0.67,0.85,1.4,0.45,1.08,0.9
11,KYY--C2X,0.75,0.67,0.85,1.4,0.45,1.08,0.9
12,KYY--Y1x,1.2,0.67,0.85,0.58,0.45,1.08,0.9
13,KYY--Y1X,1.2,0.67,0.85,0.58,0.45,1.08,0.9
14,KYY--Y2x,1.2,0.67,0.85,1.4,0.45,1.08,0.9
15,KYY--Y2X,1.2,0.67,0.85,1.4,0.45,1.08,0.9
16,KNF--C1x,0.75,0.9,0.5,0.58,0.45,1.08,0.72
17,KNF--C1X,0.75,0.9,0.5,0.58,0.45,1.08,0.72
18,KNF--C2x,0.75,0.9,0.5,1.4,0.45,1.08,0.72
19,KNF--C2X,0.75,0.9,0.5,1.4,0.45,1.08,0.72
20,KNF--Y1x,1.2,0.9,0.5,0.58,0.45,1.08,0.72
21,KNF--Y1X,1.2,0.9,0.5,0.58,0.45,1.08,0.72
22,KNF--Y2x,1.2,0.9,0.5,1.4,0.45,1.08,0.72
23,KNF--Y2X,1.2,0.9,0.5,1.4,0.45,1.08,0.72
24,KYF--C1x,0.75,0.8,0.775,0.58,0.45,1.08,0.9
25,KYF--C1X,0.75,0.8,0.775,0.58,0.45,1.08,0.9
26,KYF--C2x,0.75,0.8,0.775,1.4,0.45,1.08,0.9
27,KYF--C2X,0.75,0.8,0.775,1.4,0.45,1.08,0.9
28,KYF--Y1x,1.2,0.8,0.775,0.58,0.45,1.08,0.9
29,KYF--Y1X,1.2,0.8,0.775,0.58,0.45,1.08,0.9
30,KYF--Y2x,1.2,0.8,0.775,1.4,0.45,1.08,0.9
31,KYF--Y2X,1.2,0.8,0.775,1.4,0.45,1.08,0.9
32,KNYNYC1x,0.75,1.0,0.62,0.58,1.1,1.08,0.72
33,KNYNYC1X,0.75,1.0,0.62,0.58,1.1,1.08,0.72
34,KNYNYC2x,0.75,1.0,0.62,1.4,1.1,1.08,0.72
35,KNYNYC2X,0.75,1.0,0.62,1.4,1.1,1.08,0.72
36,KNYNYY1x,1.2,1.0,0.62,0.58,1.1,1.08,0.72
37,KNYNYY1X,1.2,1.0,0.62,0.58,1.1,1.08,0.72
38,KNYNYY2x,1.2,1.0,0.62,1.4,1.1,1.08,0.72
39,KNYNYY2X,1.2,1.0,0.62,1.4,1.1,1.08,0.72
40,KYYYYC1x,0.75,0.87,0.85,0.58,1.1,1.08,0.9
41,KYYYYC1X,0.75,0.87,0.85,0.58,1.1,1.08,0.9
42,KYYYYC2x,0.75,0.87,0.85,1.4,1.1,1.08,0.9
43,KYYYYC2X,0.75,0.87,0.85,1.4,1.1,1.08,0.9
44,KYYYYY1x,1.2,0.87,0.85,0.58,1.1,1.08,0.9
45,KYYYYY1X,1.2,0.87,0.85,0.58,1.1,1.08,0.9
46,KYYYYY2x,1.2,0.87,0.85,1.4,1.1,1.08,0.9
47,KYYYYY2X,1.2,0.87,0.85,1.4,1.1,1.08,0.9
48,KNFNFC1x,0.75,1.1,0.5,0.58,1.1,1.08,0.72
49,KNFNFC1X,0.75,1.1,0.5,0.58,1.1,1.08,0.72
50,KNFNFC2x,0.75,1.1,0.5,1.4,1.1,1.08,0.72
51,KNFNFC2X,0.75,1.1,0.5,1.4,1.1,1.08,0.72
52,KNFNFY1x,1.2,1.1,0.5,0.58,1.1,1.08,0.72
53,KNFNFY1X,1.2,1.1,0.5,0.58,1.1,1.08,0.72
54,KNFNFY2x,1.2,1.1,0.5,1.4,1.1,1.08,0.72
55,KNFNFY2X,1.2,1.1,0.5,1.4,1.1,1.08,0.72
56,KYFYFC1x,0.75,1.0,0.775,0.58,1.1,1.08,0.9
57,KYFYFC1X,0.75,1.0,0.775,0.58,1.1,1.08,0.9
58,KYFYFC2x,0.75,1.0,0.775,1.4,1.1,1.08,0.9
59,KYFYFC2X,0.75,1.0,0.775,1.4,1.1,1.08,0.9
60,KYFYFY1x,1.2,1.0,0.775,0.58,1.1,1.08,0.9
61,KYFYFY1X,1.2,1.0,0.775,0.58,1.1,1.08,0.9
62,KYFYFY2x,1.2,1.0,0.775,1.4,1.1,1.08,0.9
63,KYFYFY2X,1.2,1.0,0.775,1.4,1.1,1.08,0.9
64,TNY--C1x,0.75,0.75,0.7,0.58,0.45,1.08,1.19
65,TNY--C1X,0.75,0.75,0.7,0.58,0.45,1.08,1.19
66,TNY--C2x,0.75,0.75,0.7,1.4,0.45,1.08,1.19
67,TNY--C2X,0.75,0.75,0.7,1.4,0.45,1.08,1.19
68,TNY--Y1x,1.2,0.75,0.7,0.58,0.45,1.08,1.19
69,TNY--Y1X,1.2,0.75,0.7,0.58,0.45,1.08,1.19
70,TNY--Y2x,1.2,0.75,0.7,1.4,0.45,1.08,1.19
71,TNY--Y2X,1.2,0.75,0.7,1.4,0.45,1.08,1.19
72,TYY--C1x,0.75,0.6,0.9,0.58,0.45,1.08,1.35
73,TYY--C1X,0.75,0.6,0.9,0.58,0.45,1.08,1.35
74,TYY--C2x,0.75,0.6,0.9,1.4,0.45,1.08,1.35
75,TYY--C2X,0.75,0.6,0.9,1.4,0.45,1.08,1.35
76,TYY--Y1x,1.2,0.6,0.9,0.58,0.45,1.08,1.35
77,TYY--Y1X,1.2,0.6,0.9,0.58,0.45,1.08,1.35
78,TYY--Y2x,1.2,0.6,0.9,1.4,0.45,1.08,1.35
79,TYY--Y2X,1.2,0.6,0.9,1.4,0.45,1.08,1.35
80,TNF--C1x,0.75,0.85,0.65,0.58,0.45,1.08,1.19
81,TNF--C1X,0.75,0.85,0.65,0.58,0.45,1.08,1.19
82,TNF--C2x,0.75,0.85,0.65,1.4,0.45,1.08,1.19
83,TNF--C2X,0.75,0.85,0.65,1.4,0.45,1.08,1.19
84,TNF--Y1x,1.2,0.85,0.65,0.58,0.45,1.08,1.19
85,TNF--Y1X,1.2,0.85,0.65,0.58,0.45,1.08,1.19
86,TNF--Y2x,1.2,0.85,0.65,1.4,0.45,1.08,1.19
87,TNF--Y2X,1.2,0.85,0.65,1.4,0.45,1.08,1.19
88,TYF--C1x,0.75,0.75,0.82,0.58,0.45,1.08,1.35
89,TYF--C1X,0.75,0.75,0.82,0.58,0.45,1.08,1.35
90,TYF--C2x,0.75,0.75,0.82,1.4,0.45,1.08,1.35
91,TYF--C2X,0.75,0.75,0.82,1.4,0.45,1.08,1.35
92,TYF--Y1x,1.2,0.75,0.82,0.58,0.45,1.08,1.35
93,TYF--Y1X,1.2,0.75,0.82,0.58,0.45,1.08,1.35
94,TYF--Y2x,1.2,0.75,0.82,1.4,0.45,1.08,1.35
95,TYF--Y2X,1.2,0.75,0.82,1.4,0.45,1.08,1.35
96,TNYNYC1x,0.75,0.95,0.7,0.58,1.1,1.08,1.19
97,TNYNYC1X,0.75,0.95,0.7,0.58,1.1,1.08,1.19
98,TNYNYC2x,0.75,0.95,0.7,1.4,1.1,1.08,1.19
99,TNYNYC2X,0.75,0.95,0.7,1.4,1.1,1.08,1.19
100,TNYNYY1x,1.2,0.95,0.7,0.58,1.1,1.08,1.19
101,TNYNYY1X,1.2,0.95,0.7,0.58,1.1,1.08,1.19
102,TNYNYY2x,1.2,0.95,0.7,1.4,1.1,1.08,1.19
103,TNYNYY2X,1.2,0.95,0.7,1.4,1.1,1.08,1.19
104,TYYYYC1x,0.75,0.8,0.9,0.58,1.1,1.08,1.35
105,TYYYYC1X,0.75,0.8,0.9,0.58,1.1,1.08,1.35
106,TYYYYC2x,0.75,0.8,0.9,1.4,1.1,1.08,1.35
107,TYYYYC2X,0.75,0.8,0.9,1.4,1.1,1.08,1.35
108,TYYYYY1x,1.2,0.8,0.9,0.58,1.1,1.08,1.35
109,TYYYYY1X,1.2,0.8,0.9,0.58,1.1,1.08,1.35
110,TYYYYY2x,1.2,0.8,0.9,1.4,1.1,1.08,1.35
111,TYYYYY2X,1.2,0.8,0.9,1.4,1.1,1.08,1.35
112,TNFNFC1x,0.75,1.05,0.65,0.58,1.1,1.08,1.19
113,TNFNFC1X,0.75,1.05,0.65,0.58,1.1,1.08,1.19
114,TNFNFC2x,0.75,1.05,0.65,1.4,1.1,1.08,1.19
115,TNFNFC2X,0.75,1.05,0.65,1.4,1.1,1.08,1.19
116,TNFNFY1x,1.2,1.05,0.65,0.58,1.1,1.08,1.19
117,TNFNFY1X,1.2,1.05,0.65,0.58,1.1,1.08,1.19
118,TNFNFY2x,1.2,1.05,0.65,1.4,1.1,1.08,1.19
119,TNFNFY2X,1.2,1.05,0.65,1.4,1.1,1.08,1.19
120,TYFYFC1x,0.75,0.95,0.82,0.58,1.1,1.08,1.35
121,TYFYFC1X,0.75,0.95,0.82,0.58,1.1,1.08,1.35
122,TYFYFC2x,0.75,0.95,0.82,1.4,1.1,1.08,1.35
123,TYFYFC2X,0.75,0.95,0.82,1.4,1.1,1.08,1.35
124,TYFYFY1x,1.2,0.95,0.82,0.58,1.1,1.08,1.35
125,TYFYFY1X,1.2,0.95,0.82,0.58,1.1,1.08,1.35
126,TYFYFY2x,1.2,0.95,0.82,1.4,1.1,1.08,1.35
127,TYFYFY2X,1.2,0.95,0.82,1.4,1.1,1.08,1.35
